id,title,work_type,zone_id,start_at,end_at,description,uses_flammable_material,gas_measurement_completed,ventilation_confirmed,watcher_assigned,status
W001,A블록 1구역 보강재 용접,HOT_WORK,A_BLOCK_1,2026-03-16T09:00:00+09:00,2026-03-16T12:00:00+09:00,블록 보강재 맞대기 용접,,,,,REVIEWED
W002,A블록 1구역 외판 도장,PAINTING,A_BLOCK_1,2026-03-16T11:00:00+09:00,2026-03-16T14:00:00+09:00,외판 하도 도장,,,,,DRAFT
W003,조립장 2 부재 절단,HOT_WORK,ASSEMBLY_2,2026-03-16T13:00:00+09:00,2026-03-16T16:00:00+09:00,가스 절단 작업,,,,,REVIEWED
W004,도장공장 스프레이 도장,PAINTING,PAINT_SHOP,2026-03-16T15:00:00+09:00,2026-03-16T17:00:00+09:00,소조립 부재 스프레이 도장,,,,,DRAFT
W005,용접공장 1 파이프 용접,HOT_WORK,WELD_SHOP_1,2026-03-16T08:00:00+09:00,2026-03-16T11:00:00+09:00,배관 스풀 용접,,,,,REVIEWED
W006,용접공장 1 시너 세척,SOLVENT_WORK,WELD_SHOP_1,2026-03-16T10:00:00+09:00,2026-03-16T12:00:00+09:00,시너를 이용한 표면 세척,,,,,DRAFT
W007,1도크 선체 용접,HOT_WORK,DOCK_1,2026-03-16T09:00:00+09:00,2026-03-16T12:00:00+09:00,도크 내 선체 용접,,,,,REVIEWED
W008,2도크 유류 호스 정비,OTHER,DOCK_2,2026-03-16T10:00:00+09:00,2026-03-16T13:00:00+09:00,연료 호스 교체 정비,true,,,,DRAFT
W009,의장 1구역 지지대 용접,HOT_WORK,OUTFIT_1,2026-03-16T08:00:00+09:00,2026-03-16T10:00:00+09:00,의장품 지지대 용접,,,,,REVIEWED
W010,의장 1구역 도장 보수,PAINTING,OUTFIT_1,2026-03-16T12:00:00+09:00,2026-03-16T15:00:00+09:00,도막 손상부 보수 도장,,,,,DRAFT
W011,의장 2구역 브래킷 절단,HOT_WORK,OUTFIT_2,2026-03-16T09:00:00+09:00,2026-03-16T12:00:00+09:00,브래킷 절단 작업,,,,,REVIEWED
W012,의장 2구역 하도 도장,PAINTING,OUTFIT_2,2026-03-16T12:00:00+09:00,2026-03-16T15:00:00+09:00,하도 도장,,,,,DRAFT
W013,A블록 1구역 마킹 절단,HOT_WORK,A_BLOCK_1,2026-03-17T09:00:00+09:00,2026-03-17T12:00:00+09:00,마킹 후 절단,,,,,REVIEWED
W014,2도크 갑판 도장,PAINTING,DOCK_2,2026-03-17T10:00:00+09:00,2026-03-17T13:00:00+09:00,갑판 상부 도장,,,,,DRAFT
W015,조립장 1 소조립 용접,HOT_WORK,ASSEMBLY_1,2026-03-17T09:00:00+09:00,2026-03-17T12:00:00+09:00,소조립 부재 용접,,,,,REVIEWED
W016,조립장 1 가연성 도료 도장,PAINTING,ASSEMBLY_1,2026-03-17T10:00:00+09:00,2026-03-17T13:00:00+09:00,가연성 도료 사용 도장,true,,,,DRAFT
W017,도장공장 설비 용접 보수,HOT_WORK,PAINT_SHOP,2026-03-17T08:00:00+09:00,2026-03-17T11:00:00+09:00,배기설비 용접 보수,,,,,REVIEWED
W018,도장공장 유기용제 희석,SOLVENT_WORK,PAINT_SHOP,2026-03-17T09:00:00+09:00,2026-03-17T10:00:00+09:00,도료 희석 작업,true,,,,DRAFT
W019,의장 1구역 배관 용접,HOT_WORK,OUTFIT_1,2026-03-17T13:00:00+09:00,2026-03-17T16:00:00+09:00,배관 지지대 용접,,,,,REVIEWED
W020,의장 1구역 도료 자재 반입,OTHER,OUTFIT_1,2026-03-17T14:00:00+09:00,2026-03-17T15:00:00+09:00,도료 드럼 반입,true,,,,DRAFT
W021,의장 2구역 형강 절단,HOT_WORK,OUTFIT_2,2026-03-17T09:00:00+09:00,2026-03-17T11:00:00+09:00,형강 절단,,,,,REVIEWED
W022,의장 2구역 자재 정리,OTHER,OUTFIT_2,2026-03-17T10:00:00+09:00,2026-03-17T12:00:00+09:00,자재 정리 작업,,,,,DRAFT
W023,용접공장 1 취부 용접,HOT_WORK,WELD_SHOP_1,2026-03-17T09:00:00+09:00,2026-03-17T11:00:00+09:00,취부 후 용접,,,,,REVIEWED
W024,용접공장 1 공구 점검,OTHER,WELD_SHOP_1,2026-03-17T10:00:00+09:00,2026-03-17T12:00:00+09:00,수공구 점검,false,,,,DRAFT
W025,탱크 A 내부 청소,CONFINED_SPACE,TANK_A,2026-03-18T08:00:00+09:00,2026-03-18T12:00:00+09:00,탱크 내부 잔유 청소,,true,true,true,REVIEWED
W026,탱크 B 내부 점검,CONFINED_SPACE,TANK_B,2026-03-18T08:00:00+09:00,2026-03-18T12:00:00+09:00,탱크 내부 육안 점검,,,true,true,DRAFT
W027,1도크 이중저 내부 작업,CONFINED_SPACE,DOCK_1,2026-03-18T08:00:00+09:00,2026-03-18T12:00:00+09:00,이중저 내부 정리,,false,true,true,DRAFT
W028,2도크 코퍼댐 내부 점검,CONFINED_SPACE,DOCK_2,2026-03-18T09:00:00+09:00,2026-03-18T13:00:00+09:00,코퍼댐 내부 점검,,true,,true,DRAFT
W029,의장 1구역 밀폐탱크 정비,CONFINED_SPACE,OUTFIT_1,2026-03-18T09:00:00+09:00,2026-03-18T13:00:00+09:00,밀폐 탱크 내부 정비,,true,false,true,DRAFT
W030,의장 2구역 밀폐공간 배관 점검,CONFINED_SPACE,OUTFIT_2,2026-03-18T10:00:00+09:00,2026-03-18T14:00:00+09:00,밀폐공간 배관 점검,,true,true,,DRAFT
W031,조립장 1 밀폐부 검사,CONFINED_SPACE,ASSEMBLY_1,2026-03-18T10:00:00+09:00,2026-03-18T14:00:00+09:00,밀폐부 비파괴 검사,,true,true,false,DRAFT
W032,조립장 2 밀폐블록 내부 작업,CONFINED_SPACE,ASSEMBLY_2,2026-03-18T08:00:00+09:00,2026-03-18T16:00:00+09:00,밀폐 블록 내부 작업,,,,,DRAFT
W033,A블록 1구역 밀폐구역 작업,CONFINED_SPACE,A_BLOCK_1,2026-03-18T08:00:00+09:00,2026-03-18T16:00:00+09:00,밀폐구역 내부 작업,,false,false,false,DRAFT
W034,A블록 2구역 자재 이송,OTHER,A_BLOCK_2,2026-03-18T09:00:00+09:00,2026-03-18T11:00:00+09:00,블록 자재 이송,false,,,,REVIEWED
W035,도장공장 중도 도장,PAINTING,PAINT_SHOP,2026-03-18T09:00:00+09:00,2026-03-18T12:00:00+09:00,중도 도장 작업,,,,,DRAFT
W036,용접공장 1 부재 용접,HOT_WORK,WELD_SHOP_1,2026-03-18T09:00:00+09:00,2026-03-18T12:00:00+09:00,부재 맞대기 용접,,,,,REVIEWED
W037,1도크 도료 자재 반입,OTHER,DOCK_1,2026-03-18T14:00:00+09:00,2026-03-18T16:00:00+09:00,도료 자재 반입,true,,,,DRAFT
W038,조립장 1 야간 도장,PAINTING,ASSEMBLY_1,2026-03-16T16:00:00+09:00,2026-03-16T18:00:00+09:00,야간 도장 작업,,,,,DRAFT
W039,의장 1구역 용제 세척,SOLVENT_WORK,OUTFIT_1,2026-03-16T13:00:00+09:00,2026-03-16T15:00:00+09:00,유기용제 표면 세척,,,,,DRAFT
W040,탱크 A 자재 반입,OTHER,TANK_A,2026-03-16T13:00:00+09:00,2026-03-16T15:00:00+09:00,탱크 주변 자재 반입,,,,,REVIEWED
